"coordinate","2.5%","97.5%"
"Longitude",-79.3961639,-79.1862259
"Latitude",43.653347,43.7795486
